{
  "PD_unCal": {
    "Top1": 0.9649583101272583,
    "Top2": 0.9950000047683716,
    "NLL": 0.11348634958267212,
    "Brier": 0.055108215659856796,
    "ECE": 0.012289272621273994
  },
  "PD_TCal": {
    "T": 0.8743792176246643,
    "Top1": 0.9649583101272583,
    "Top2": 0.9950000047683716,
    "NLL": 0.1211899071931839,
    "Brier": 0.05601310357451439,
    "ECE": 0.016537893563508987,
    "AURC": 0.0037062233313918114
  },
  "AURC_unCal": 0.0036975990515202284,
  "Acc_95CI_TCal": [
    0.9649583333333334,
    0.0023265166022229454
  ]
}