{
  "PD_unCal": {
    "Top1": 0.9408749938011169,
    "Top2": 0.9931250214576721,
    "NLL": 0.1726328283548355,
    "Brier": 0.09131550788879395,
    "ECE": 0.019890930503606796
  },
  "PD_TCal": {
    "T": 0.985924482345581,
    "Top1": 0.9408749938011169,
    "Top2": 0.9931250214576721,
    "NLL": 0.17351385951042175,
    "Brier": 0.09147761762142181,
    "ECE": 0.02086501009762287,
    "AURC": 0.007504007779061794
  },
  "AURC_unCal": 0.007501296699047089,
  "Acc_95CI_TCal": [
    0.940875,
    0.002984083971200006
  ]
}