{
  "PD_unCal": {
    "Top1": 0.9386666417121887,
    "Top2": 0.9897916913032532,
    "NLL": 0.21270132064819336,
    "Brier": 0.09877807646989822,
    "ECE": 0.03305710852146149
  },
  "PD_TCal": {
    "T": 1.2578426599502563,
    "Top1": 0.9386666417121887,
    "Top2": 0.9897916913032532,
    "NLL": 0.188773512840271,
    "Brier": 0.0956544429063797,
    "ECE": 0.022213872522115707,
    "AURC": 0.009414967149496078
  },
  "AURC_unCal": 0.009429879486560822,
  "Acc_95CI_TCal": [
    0.9386666666666666,
    0.0030357323628547
  ]
}