{
  "PD_unCal": {
    "Top1": 0.8607500195503235,
    "Top2": 0.981208324432373,
    "NLL": 0.4199904799461365,
    "Brier": 0.21529817581176758,
    "ECE": 0.05984731391072273
  },
  "PD_TCal": {
    "T": 0.9527594447135925,
    "Top1": 0.8607500195503235,
    "Top2": 0.981208324432373,
    "NLL": 0.43057772517204285,
    "Brier": 0.2168537974357605,
    "ECE": 0.06426584720611572,
    "AURC": 0.04406968504190445
  },
  "AURC_unCal": 0.04405185207724571,
  "Acc_95CI_TCal": [
    0.86075,
    0.004380216896266185
  ]
}