{
  "PD_unCal": {
    "Top1": 0.8917499780654907,
    "Top2": 0.9728333353996277,
    "NLL": 0.36937764286994934,
    "Brier": 0.1715962290763855,
    "ECE": 0.06210677698254585
  },
  "PD_TCal": {
    "T": 1.1327097415924072,
    "Top1": 0.8917499780654907,
    "Top2": 0.9728333353996277,
    "NLL": 0.3424079120159149,
    "Brier": 0.16799210011959076,
    "ECE": 0.05402088910341263,
    "AURC": 0.025986643508076668
  },
  "AURC_unCal": 0.025996487587690353,
  "Acc_95CI_TCal": [
    0.89175,
    0.003930927282934776
  ]
}