{
  "PD_unCal": {
    "Top1": 0.9488750100135803,
    "Top2": 0.9934999942779541,
    "NLL": 0.151797816157341,
    "Brier": 0.07809419929981232,
    "ECE": 0.022220004349946976
  },
  "PD_TCal": {
    "T": 1.1818664073944092,
    "Top1": 0.9488750100135803,
    "Top2": 0.9934999942779541,
    "NLL": 0.1436769664287567,
    "Brier": 0.07624634355306625,
    "ECE": 0.013679306954145432,
    "AURC": 0.005615094676613808
  },
  "AURC_unCal": 0.005633493885397911,
  "Acc_95CI_TCal": [
    0.948875,
    0.002786638681055688
  ]
}