{
  "PD_unCal": {
    "Top1": 0.8256666660308838,
    "Top2": 0.9674166440963745,
    "NLL": 0.5779517292976379,
    "Brier": 0.27745360136032104,
    "ECE": 0.09576185047626495
  },
  "PD_TCal": {
    "T": 1.015815019607544,
    "Top1": 0.8256666660308838,
    "Top2": 0.9674166440963745,
    "NLL": 0.5722045302391052,
    "Brier": 0.27672287821769714,
    "ECE": 0.09461742639541626,
    "AURC": 0.06339474022388458
  },
  "AURC_unCal": 0.06339570879936218,
  "Acc_95CI_TCal": [
    0.8256666666666667,
    0.004800119965690848
  ]
}