{
  "PD_unCal": {
    "Top1": 0.9506666660308838,
    "Top2": 0.9933750033378601,
    "NLL": 0.14304667711257935,
    "Brier": 0.07513074576854706,
    "ECE": 0.015154393389821053
  },
  "PD_TCal": {
    "T": 1.081215500831604,
    "Top1": 0.9506666660308838,
    "Top2": 0.9933750033378601,
    "NLL": 0.14011895656585693,
    "Brier": 0.07453269511461258,
    "ECE": 0.011114491149783134,
    "AURC": 0.005254006944596767
  },
  "AURC_unCal": 0.005256369709968567,
  "Acc_95CI_TCal": [
    0.9506666666666667,
    0.002739957724662882
  ]
}